review_rating,review_title,review_text
Loading...,Good.,Affordable and reliable.
4,Great product,"Being an established brand ""Colgate"" best choice üòä"
5,Good product,As expected from Colgate
5,Refreshing,Very refreshing. Gives cool and fresh breath every morning.Highly recommended
3,Not so good flavour,Not so good
5,Best,Good
4,Good üëç,Good üëç
5,Exellent,Exellent
4,Good,Good
4,Good products,Good
4,"Charming, fresh up Paste",The item purchased by this time has paid it's price with authentic cleaning capabilities and charming feeling even after a long time. Better to try it. My suggestion to all valued customers.
4,Nice one,Good
4,Good to buy,Worth money spent
5,Colgate,Must hai dosto I'm always use this product
5,Shiny,Healthy
4,Good,Good product
5,Badiya,Badiya
4,Very refreshing taste,"Believe me it's amazing my kids lives this paste , have been using it for years now"
4,Har tooth ki shine ! Colgate ü•≥,Acchha toothpaste hai ! Try krke dekho !!
4,refreshing indeed,"Review:Colgate MaxFresh toothpaste is my go-to alternative when I can't find my favorite, CloseUp Fire Freeze, online. While it's not my top choice, it comes in as a close second. The refreshing sensation it provides and the overall cleanliness it offers make it a reliable option. Compared to other toothpastes, it stands out as a better alternative. However, I must admit that it doesn't quite match the exceptional experience provided by CloseUp Fire Freeze. If you're unable to find your preferred toothpaste, Colgate MaxFresh is a solid option that delivers a refreshing and satisfying oral care experience."
4,Good product in cheaper price,"I must say go for it, always keep in mind whenever you purchase check everything small packing price also big packing price some time big packing price may be less then of small packing."
5,spicy,im using it for more than few years.i love it.
4,Awesome,Liked the product as well as packing
4,Good Flavor paste,"Good paste ,got set of 2 for Rs 130. Have used the red flavor previously , this is a bit less sweater in taste"
5,Nice,Nice
4,MOUTH FRESH,Budget valuble!!!
5,works well,super fresh breath and white teeth are guaranteed. liked it . will order again.
4,Nice product very useful good qualify,Nice product very useful good qualify
5,Very good,Nice color & Value for money
5,excellent,excellent
3,No Big Difference,"This toothpaste is no big difference than the normal one except it‚Äôs color and price. The price was a little bit higher than the ordinary one. Almost same like red,blue. If you like little purple shade, you can go with this."
5,Awesome deal,The media could not be loaded.Colgate is the best brand. Maxx fresh is different from others. So I always prefer it. Thanks Amazon for this deal ‚ù§Ô∏è
5,Paste that clean your tooth,Very nice and effective toothpaste with nice smell and taste.
5,GOOD,GOOD
5,Nice,It's a good product
5,Good üëç,Pasand hai
4,"Good but not up to the mark,try to improve try your best","Good but not up to the mark,try to improve try your best"
3,Ok product,Ok product
3,Good but rate 400 main 600 gram,[object Object]
5,Makes the teeth visibly white in actual,After trying it once i could not switch to any other toothpaste. Very good product
4,GOOD ONE,IT IS USEFUL & RESULT ORIENTED
5,Best toothpaste for teeth whitening,I have been using it since 1 year works amazing
5,TOOTH PASTE,A VERY GOOD PRODUCT
3,Good,Good
4,It works.,Taste is little different.
5,Colgate is a Very Good Teeth Whitener,"Colgate is an Age Old Brand, and we are Very Happy with its efficiency and cleaning capacity. Clinically Trusted Brand for all of us."
5,Toothpaste,Super..r..r.r.r.
4,Good,Value for money
4,Nice toothpaste,Price is suitable
4,Good product in cheaper price,"I must say go for it, always keep in mind whenever you purchase check everything small packing price also big packing price some time big packing price may be less then of small packing."
4,Good Colgate This Price üòÄ,‡§ï‡•â‡§≤‡§ó‡•á‡§ü ‡§Æ‡§∏‡•ç‡§§ ‡§π‡•à ‡§è‡§ï ‡§¶‡§Æ ‡§Ö‡§™‡§ï‡§æ ‡§¶‡§æ‡§Ç‡§§ ‡§è‡§ï ‡§¶‡§Æ ‡§¨‡§¢‡§º‡§ø‡§Ø‡§æ ‡§∞‡§π‡•á‡§ó‡§æ ‡§Ö‡§ó‡§∞ ‡§§‡•Å‡§Æ ‡§™‡•ç‡§∞‡§§‡§ø‡§¶‡§ø‡§® ‡§¨‡•ç‡§∞‡§∂ ‡§ï‡§∞‡§§‡•á ‡§π‡•ã ‡§§‡•ã ‡§¨‡§æ‡§ï‡•Ä ‡§Ü‡§™‡§ï‡•Ä ‡§Æ‡§∞‡•ç‡§ú‡•Ä ‡§Ü‡§™‡§ï‡•ã ‡§ï‡•â‡§≤‡§ó‡•á‡§ü ‡§ï‡§π‡•Ä ‡§™‡§∞ ‡§≠‡•Ä ‡§Æ‡§ø‡§≤ ‡§ú‡§æ‡§Ø‡•á‡§ó‡§æ Try ‡§ï‡§∞ ‡§∏‡§ï‡§§‡•á ‡§π‡•ã ‡§π‡§∞ ‡§ö‡•Ä‡§ú ‡§ï‡•ã Try ‡§ï‡§∞‡§ï‡•á ‡§¶‡•á‡§ñ‡§®‡§æ ‡§ö‡§æ‡§π‡§ø‡§è ‚ù§Ô∏è
5,spicy,im using it for more than few years.i love it.
4,Awesome,Liked the product as well as packing
4,Good Flavor paste,"Good paste ,got set of 2 for Rs 130. Have used the red flavor previously , this is a bit less sweater in taste"
5,Nice,Nice
4,MOUTH FRESH,Budget valuble!!!
5,works well,super fresh breath and white teeth are guaranteed. liked it . will order again.
4,Nice product very useful good qualify,Nice product very useful good qualify
5,Very good,Nice color & Value for money
5,Good.,Affordable and reliable.
4,Great product,"Being an established brand ""Colgate"" best choice üòä"
5,Good product,As expected from Colgate
5,Refreshing,Very refreshing. Gives cool and fresh breath every morning.Highly recommended
3,Not so good flavour,Not so good
5,Best,Good
4,Good üëç,Good üëç
5,Exellent,Exellent
4,Good,Good
4,Good products,Good
5,excellent,excellent
3,No Big Difference,"This toothpaste is no big difference than the normal one except it‚Äôs color and price. The price was a little bit higher than the ordinary one. Almost same like red,blue. If you like little purple shade, you can go with this."
5,Awesome deal,The media could not be loaded.Colgate is the best brand. Maxx fresh is different from others. So I always prefer it. Thanks Amazon for this deal ‚ù§Ô∏è
5,Paste that clean your tooth,Very nice and effective toothpaste with nice smell and taste.
5,GOOD,GOOD
5,Nice,It's a good product
5,Good üëç,Pasand hai
4,"Good but not up to the mark,try to improve try your best","Good but not up to the mark,try to improve try your best"
3,Ok product,Ok product
3,Good but rate 400 main 600 gram,[object Object]
5,Good paste,Freshness and good oral hygiene
4,Cheap in sale,Quality is good with freshness but germs cleaning could have been better
5,Original colgate past,Quick delivery in scheduled time. In this price quantities is so good.
5,Good product,Good.
5,Good,Best to market price
4,Good as always,"It's good toothpaste, but i would suggest you to go for Colgate Sensitive. That contains less harmful chemicals than this one varient."
5,My favorite,It is good for cavity and effective.
3,normal,the toothpaste is just like another normal colgate toothpaste and don't have any specialty and doesn't remove any bad breaths
5,Satisfied,Good toothpaste
5,Faster delivery good product,Faster delivery good product
